Districts and neighborhoods,Districts and neighborhoods copy,Municipality,Population,Population density,Number of income recipients,Average income per income recipient,Average income per inhabitant,40% persons with the lowest income,20% persons with the highest income,Active 15-75 years,40% households with the lowest income,20% households with the highest income,low income housholds,below or around the social minimum,Most common zip code,Coverage percentage,Longitude,Latitude
Amsterdam,Amsterdam,Amsterdam,854 047,5 160,672 500,36.4,29.6,39.8,23.8,62.8,51.8,16.9,13.7,13.0,.,.,4.8936041,52.3727598
Burgwallen-Oude Zijde,Burgwallen-Oude Zijde,Amsterdam,4 305,12 323,3 700,35.1,31.7,38.2,24.4,72.7,59.2,11.9,15.0,14.3,.,.,4.896102752948329,52.3719455
Burgwallen East,Burgwallen East,Amsterdam,1 590,25 530,1 300,.,.,41.4,20.9,70.7,62.1,9.9,15.3,15.3,1012,1,4.896102752948329,52.3719455
Burgwallen-Nieuwe Zijde,Burgwallen-Nieuwe Zijde,Amsterdam,3 930,6 881,3 400,38.9,34.8,33.9,27.6,75.4,56.8,13.4,12.9,11.5,.,.,4.889922444800452,52.373706049999996
Nieuwendijk North,Nieuwendijk North,Amsterdam,450,8 207,400,.,.,36.7,26.8,74.2,61.3,14.1,15.1,13.5,1012,1,4.8962424,52.377567
Spuistraat North,Spuistraat North,Amsterdam,795,15 858,700,.,.,35.5,26.4,76.6,57.4,13.7,12.3,11.4,1012,1,4.8922852,52.3759873
Spuistraat South,Spuistraat South,Amsterdam,650,10 962,500,.,.,37.4,28.2,70.9,60.7,14.5,16.1,15.3,1012,1,4.8922852,52.3759873
Beguinage area,Beguinage area,Amsterdam,420,5 990,400,.,.,32.6,22.9,69.3,66.8,9.4,13.9,12.8,1012,1,4.8901557,52.3694438
Calf triangle,Calf triangle,Amsterdam,250,4 805,200,.,.,31.7,33.5,76.3,47.1,18.8,11.3,9.2,1012,1,4.8916101,52.3671726
Grachtengordel-West,Grachtengordel-West,Amsterdam,6 385,14 261,5 200,68.3,57.9,30.2,41.3,65.4,39.6,31.2,9.2,7.8,.,.,4.885478190638034,52.370836999999995
Leidsegracht North,Leidsegracht North,Amsterdam,680,12 734,600,.,.,32.3,41.0,64.2,41.1,33.1,9.1,8.0,1016,1,4.8827665,52.3661703
Golden Bend,Golden Bend,Amsterdam,130,2 918,100,.,.,30.0,44.5,63.9,.,.,.,.,1017,1,4.890104301598505,52.365825900000004
Leidsegracht South,Leidsegracht South,Amsterdam,635,11 689,500,.,.,27.8,43.6,69.1,34.9,30.7,8.2,7.1,1017,1,4.8827665,52.3661703
Nieuwmarkt / Lastage,Nieuwmarkt / Lastage,Amsterdam,9 765,13 741,8 100,41.6,36.2,35.5,29.4,63.6,53.2,17.9,12.6,13.4,.,.,4.9063507,52.3721774
Oosterdokseiland,Oosterdokseiland,Amsterdam,480,3 842,400,.,.,21.0,46.9,75.3,29.8,36.6,6.3,5.1,1011,1,4.9073075,52.3762496
Rapenburg,Rapenburg,Amsterdam,1 070,11 692,700,.,.,36.3,28.6,67.5,53.1,18.3,10.0,10.2,1011,1,4.9090084,52.3716806
Lastage,Lastage,Amsterdam,1 070,20 381,900,.,.,34.6,31.0,68.3,52.0,18.5,14.1,14.0,1011,1,4.9024018,52.3754586
Nieuwmarkt,Nieuwmarkt,Amsterdam,1 630,27 479,1 400,.,.,45.0,19.7,55.5,65.6,11.3,17.0,18.8,1011,1,4.9003694561530535,52.37263245
Uilenburg,Uilenburg,Amsterdam,1 170,14 555,1000,.,.,31.0,36.6,66.6,49.3,22.4,13.0,12.6,1011,1,4.9047437,52.3704196
Valkenburg,Valkenburg,Amsterdam,1 170,17 278,1000,.,.,33.5,31.9,60.8,49.9,18.4,8.3,10.8,1011,1,4.907324,52.3688557
Haarlemmerbuurt,Haarlemmerbuurt,Amsterdam,9 305,17 007,7 600,43.5,36.9,35.7,31.2,65.9,49.0,20.4,13.6,13.3,.,.,4.887193084850383,52.382441299999996
Westerdok Island,Westerdok Island,Amsterdam,1900,11 814,1 500,.,.,32.5,42.2,64.7,32.6,33.0,9.1,10.6,1013,1,4.8911449,52.3870444
Haarlemmerbuurt East,Haarlemmerbuurt East,Amsterdam,1 460,15 706,1 200,.,.,33.3,30.0,70.1,52.3,16.9,12.0,11.2,1013,1,4.887193084850383,52.382441299999996
Haarlemmerbuurt West,Haarlemmerbuurt West,Amsterdam,2 485,22 738,2000,.,.,36.8,27.5,64.6,52.2,18.4,13.9,14.1,1013,1,4.887193084850383,52.382441299999996
Planciusbuurt North,Planciusbuurt North,Amsterdam,355,19 571,300,.,.,35.3,24.6,75.5,61.7,7.0,22.2,19.2,1013,1,4.884732272240711,52.3864325
Planciusbuurt South,Planciusbuurt South,Amsterdam,150,11 765,100,.,.,48.5,14.6,57.6,81.3,3.6,28.7,25.0,1013,1,4.884732272240711,52.3864325
Jordan,Jordan,Amsterdam,19 435,23 289,16 600,40.7,35.7,37.3,27.7,65.8,54.7,16.2,14.3,13.8,.,.,4.877193,52.3731289
The Weteringschans,The Weteringschans,Amsterdam,7 235,13 012,6000,50.9,43.2,30.8,36.8,69.6,45.7,23.5,10.4,9.8,.,.,4.8908367,52.3596495
Weteringbuurt,Weteringbuurt,Amsterdam,2 410,20 307,2000,.,.,28.9,37.6,73.0,43.8,23.9,10.7,9.7,1017,1,4.8882475,52.3601902
Weesperbuurt / Plantage,Weesperbuurt / Plantage,Amsterdam,7 860,10 125,6000,47.3,41.0,34.3,32.8,66.2,50.4,21.5,12.2,11.2,.,.,4.9101143,52.3639375
Weesperbuurt,Weesperbuurt,Amsterdam,3 285,15 500,2700,43.3,38.8,37.2,29.7,63.8,55.6,18.7,13.0,11.8,1018,1,4.9080455,52.3632536
Plantation,Plantation,Amsterdam,1 955,5 726,1 500,.,.,31.3,37.8,64.3,41.5,27.7,11.2,10.3,1018,1,4.914231749531422,52.37233395
Kattenburg,Kattenburg,Amsterdam,1700,19 019,1 400,.,.,50.5,15.5,49.5,64.7,11.3,10.4,12.1,1018,1,4.917997151422905,52.372902100000005
Wittenburg,Wittenburg,Amsterdam,2 190,17 652,1900,.,.,39.2,22.0,62.3,53.5,13.4,12.8,12.2,1018,1,4.92176810097686,52.3714698
Oostenburg,Oostenburg,Amsterdam,1 730,8 572,1 500,.,.,41.0,23.3,61.4,54.6,15.5,18.8,17.1,1018,1,4.923312396327519,52.36911335
Czaar Peterbuurt,Czaar Peterbuurt,Amsterdam,2 315,22 309,1900,.,.,39.1,23.1,67.0,60.2,12.9,18.2,16.4,1018,1,4.9282983,52.3690688
The Funen,The Funen,Amsterdam,1 385,18 758,900,.,.,30.6,42.3,68.5,33.6,37.9,8.8,7.7,1018,1,4.9307828,52.3685608
Kadijken,Kadijken,Amsterdam,2850,16 777,2 400,.,35.6,34.1,30.6,61.2,48.1,18.3,12.3,11.7,1018,1,4.9185863,52.3681554
Western Docklands,Western Docklands,Amsterdam,195,10,200,.,.,51.0,12.6,69.8,74.4,6.4,34.5,30.9,.,.,4.9554925,52.3693497
Westhaven North,Westhaven North,Amsterdam,20,5,0,.,.,.,.,.,.,.,.,.,1042,4,4.8188509,52.4059355
Transport center,Transport center,Amsterdam,5,.,0,.,.,.,.,.,.,.,.,.,1042,1,4.7644176,52.4110069
Amerikahaven,Amerikahaven,Amsterdam,105,16,100,.,.,.,.,.,.,.,.,.,1045,2,4.7736025,52.4157506
Afrikahaven,Afrikahaven,Amsterdam,5,.,0,.,.,.,.,.,.,.,.,.,1047,1,4.7477997,52.4199189
Westhaven South,Westhaven South,Amsterdam,15,36,0,.,.,.,.,.,.,.,.,.,1043,1,4.8188509,52.4059355
Sloterdijk business park,Sloterdijk business park,Amsterdam,525,73,500,.,.,54.5,8.9,60.4,88.1,2.3,29.9,25.2,.,.,4.8457211,52.3867498
Sloterdijk II,Sloterdijk II,Amsterdam,20,50,0,.,.,.,.,.,.,.,.,.,1043,1,4.8465234,52.3871325
Sloterdijk III East,Sloterdijk III East,Amsterdam,0,.,0,.,.,.,.,.,.,.,.,.,1043,3,4.8457211,52.3867498
Sloterdijk III West,Sloterdijk III West,Amsterdam,75,37,100,.,.,.,.,.,.,.,.,.,1046,1,4.8457211,52.3867498
De Heining,De Heining,Amsterdam,25,28,0,.,.,.,.,.,.,.,.,.,1047,1,4.7683222801008345,52.396032149999996
Teleport,Teleport,Amsterdam,390,463,400,.,.,53.0,8.8,61.9,90.8,1.4,29.3,24.0,1043,1,4.8317147,52.3874327
Bretten East,Bretten East,Amsterdam,0,.,0,.,.,.,.,.,.,.,.,.,1043,1,4.793451771866486,52.38702205
Bretten West,Bretten West,Amsterdam,0,.,0,.,.,.,.,.,.,.,.,.,1046,1,4.793451771866486,52.38702205
Houthavens,Houthavens,Amsterdam,1 115,3 411,900,.,.,26.0,42.0,72.9,33.0,29.8,8.3,7.1,.,.,4.8746233,52.4013837
Houthavens West,Houthavens West,Amsterdam,455,1 499,400,.,.,20.6,49.6,81.7,25.8,36.4,2.8,2.3,1013,2,4.8746233,52.4013837
Houthavens East,Houthavens East,Amsterdam,660,28 636,600,.,.,29.4,37.3,67.4,37.2,25.9,11.3,9.7,1013,1,4.8746233,52.4013837
Zeeheldenbuurt,Zeeheldenbuurt,Amsterdam,2 035,22 226,1600,.,.,41.9,21.7,62.3,56.1,12.9,18.6,17.0,1013,1,4.888242227776295,52.389329849999996
Spaarndammerbuurt Northeast,Spaarndammerbuurt Northeast,Amsterdam,2 775,27 863,2 300,.,24.8,46.4,16.6,57.7,63.0,9.9,22.0,20.9,1013,1,4.87936892609182,52.389662599999994
Spaarndammerbuurt Southeast,Spaarndammerbuurt Southeast,Amsterdam,1 025,20 938,900,.,.,39.5,21.5,66.4,57.7,14.2,17.7,16.1,1013,1,4.87936892609182,52.389662599999994
Spaarndammerbuurt Southwest,Spaarndammerbuurt Southwest,Amsterdam,1 695,22 381,1 300,.,.,37.1,24.1,69.0,58.2,14.4,14.8,15.2,1013,1,4.87936892609182,52.389662599999994
Spaarndammerbuurt Northwest,Spaarndammerbuurt Northwest,Amsterdam,2 005,16 849,1700,.,.,41.4,19.7,64.1,56.3,13.6,19.1,17.3,1013,1,4.87936892609182,52.389662599999994
Westergasfabriek,Westergasfabriek,Amsterdam,0,.,0,.,.,.,.,.,.,.,.,.,1014,1,4.870982855756095,52.386632399999996
Overbraker Binnenpolder,Overbraker Binnenpolder,Amsterdam,5,.,0,.,.,.,.,.,.,.,.,.,1014,1,4.869056057207801,52.388253500000005
Staatsliedenbuurt,Staatsliedenbuurt,Amsterdam,13 315,28 139,11 200,36.3,31.0,35.9,27.2,69.6,51.4,15.1,14.6,13.9,.,.,4.870950694196747,52.3802865
Staatsliedenbuurt Northeast,Staatsliedenbuurt Northeast,Amsterdam,1 245,21 124,1 100,.,.,45.8,15.9,56.7,63.9,7.8,16.6,20.5,1051,1,4.870950694196747,52.3802865
Central Market,Central Market,Amsterdam,2 420,4 660,2000,.,.,35.8,28.7,64.9,41.5,22.0,10.3,10.3,.,.,4.914231749531422,52.37233395
Market halls,Market halls,Amsterdam,10,39,0,.,.,.,.,.,.,.,.,.,1051,1,4.8965946,52.4012778
Marcanti,Marcanti,Amsterdam,995,17 171,800,.,.,36.6,25.8,65.0,50.3,15.7,12.5,13.3,1051,1,4.8672157,52.3739904
Frederik Hendrikbuurt,Frederik Hendrikbuurt,Amsterdam,8 435,23 520,6 900,38.4,33.1,34.6,29.2,69.8,51.5,16.2,15.0,14.1,.,.,4.8737427,52.3762344
Frederik Hendrikbuurt North,Frederik Hendrikbuurt North,Amsterdam,3 895,21 297,3 200,37.4,31.9,35.3,28.1,69.5,51.7,16.3,14.5,14.5,1052,1,4.8737427,52.3762344
Frederik Hendrikbuurt Southeast,Frederik Hendrikbuurt Southeast,Amsterdam,3 295,29 133,2700,39.0,34.1,34.1,30.2,72.2,53.5,15.1,16.9,14.8,1052,1,4.8737427,52.3762344
Frederik Hendrikbuurt Southwest,Frederik Hendrikbuurt Southwest,Amsterdam,1 240,19 859,1000,.,.,33.4,30.1,64.0,44.4,19.4,10.9,10.6,1052,1,4.8737427,52.3762344
Kinkerbuurt,Kinkerbuurt,Amsterdam,6 590,26 135,5 300,38.8,33.4,33.8,28.8,71.8,53.0,15.9,14.4,13.7,.,.,4.8661969,52.3681169
Van Lennepbuurt,Van Lennepbuurt,Amsterdam,6 990,28 005,6000,34.1,29.6,40.6,23.1,63.4,58.4,11.3,16.5,16.5,.,.,4.8684757,52.3652971
Borgerbuurt,Borgerbuurt,Amsterdam,2885,25 472,2500,.,23.7,50.0,15.8,51.3,65.1,7.9,18.9,21.3,1053,1,4.8612071639031695,52.363107150000005
Helmersbuurt,Helmersbuurt,Amsterdam,7 410,22 124,6 100,47.3,39.9,31.5,35.9,70.1,46.4,22.1,11.6,10.9,.,.,4.871285290301879,52.36335965
Helmersbuurt East,Helmersbuurt East,Amsterdam,2 625,25 286,2 100,.,44.3,27.7,38.6,73.1,41.6,25.4,8.0,7.4,1054,1,4.871285290301879,52.36335965
Overtoomse Sluis,Overtoomse Sluis,Amsterdam,7 890,26 482,6 500,47.1,40.2,29.0,36.4,74.3,44.6,22.7,9.1,8.9,.,.,4.860688749273366,52.35946775
Vondelbuurt,Vondelbuurt,Amsterdam,1 860,8 592,1 400,.,.,34.1,37.0,66.5,46.4,30.1,13.0,12.2,.,.,4.875500995557072,52.3615431
Zuidas,Zuidas,Amsterdam,3 700,1 747,2 800,63.1,53.2,29.3,41.1,73.1,51.3,24.9,4.4,3.3,.,.,4.8734447,52.3377797
Zuidas North,Zuidas North,Amsterdam,450,564,400,.,.,10.5,51.4,91.7,36.5,35.0,1.3,1.3,1077,1,4.8734447,52.3377797
RAI,RAI,Amsterdam,0,.,0,.,.,.,.,.,.,.,.,.,1078,2,4.8902289,52.3370349
Zuidas South,Zuidas South,Amsterdam,2 110,9 733,1 500,.,.,15.7,53.4,82.0,30.1,35.4,3.3,3.0,1082,1,4.8734447,52.3377797
Vivaldi,Vivaldi,Amsterdam,980,3 391,800,.,.,64.4,13.2,47.5,87.2,6.7,10.3,5.4,1083,1,4.886757606662888,52.3363133
New Pipe,New Pipe,Amsterdam,12 325,23 998,10 500,40.2,35.0,35.9,29.4,69.8,53.4,17.2,13.9,13.7,.,.,4.8852888,52.3640968
South Pipe,South Pipe,Amsterdam,8 200,23 247,6 900,29.2,24.9,47.2,17.1,55.9,62.2,9.7,18.8,18.7,.,.,4.8852888,52.3640968
Diamantbuurt,Diamantbuurt,Amsterdam,3 125,22 679,2 600,28.3,23.9,48.8,16.3,54.8,63.3,9.6,19.6,19.4,1074,1,4.90183302655749,52.3508183
Weesperzijde,Weesperzijde,Amsterdam,5 535,14 984,4 400,46.0,39.0,31.3,36.6,71.7,45.7,24.6,10.1,9.4,.,.,4.911977761220475,52.35394785
Weesperzijde Central / South,Weesperzijde Central / South,Amsterdam,3 040,16 496,2500,45.7,38.3,30.2,35.7,70.2,44.1,25.0,10.1,10.1,1091,1,4.911977761220475,52.35394785
Oosterparkbuurt Northwest,Oosterparkbuurt Northwest,Amsterdam,3 910,18 371,3 400,33.1,28.9,41.5,23.2,63.8,58.0,13.3,15.9,15.4,1091,1,4.913259686933955,52.358915100000004
Oosterpark,Oosterpark,Amsterdam,125,553,100,.,.,46.8,10.8,64.0,.,.,.,.,1092,1,4.920540276968429,52.36014335
Oosterparkbuurt Southeast,Oosterparkbuurt Southeast,Amsterdam,3 765,23 853,3000,37.0,30.7,37.8,28.8,66.2,50.8,20.4,14.9,14.8,1092,1,4.913259686933955,52.358915100000004
Oosterparkbuurt Southwest,Oosterparkbuurt Southwest,Amsterdam,3 085,25 320,2500,31.4,25.9,45.1,20.6,58.7,58.1,12.8,21.2,20.9,1091,1,4.913259686933955,52.358915100000004
Dapperbuurt,Dapperbuurt,Amsterdam,10 065,16 956,8 200,32.7,27.6,43.1,22.4,60.0,57.6,13.4,16.2,16.3,.,.,4.927432547972975,52.3618056
North Dapperbuurt,North Dapperbuurt,Amsterdam,4 355,22 088,3 600,30.6,26.1,45.0,20.3,59.0,57.9,11.3,15.4,15.8,1093,1,4.927432547972975,52.3618056
Dapperbuurt South,Dapperbuurt South,Amsterdam,3 820,21 926,3 200,30.7,26.2,44.4,20.0,60.2,61.6,11.4,17.9,17.5,1093,1,4.927432547972975,52.3618056
East gate,East gate,Amsterdam,1 890,8 513,1 400,.,.,35.1,33.2,62.1,47.0,24.0,14.1,14.5,1093,1,4.9474084,52.3113877
Transvaalbuurt,Transvaalbuurt,Amsterdam,9 340,25 306,7 600,29.3,24.1,46.3,18.0,58.7,58.5,12.2,18.6,17.6,.,.,4.920172387174354,52.35386365
Transvaalbuurt West,Transvaalbuurt West,Amsterdam,4 140,23 624,3 400,28.9,24.3,46.1,17.8,58.6,59.3,11.6,18.9,18.5,1091,1,4.920172387174354,52.35386365
Transvaalbuurt East,Transvaalbuurt East,Amsterdam,5 200,26 826,4 200,29.7,24.0,46.5,18.2,58.7,57.9,12.7,18.3,16.9,1092,1,4.920172387174354,52.35386365
Zeeburgerdijk East,Zeeburgerdijk East,Amsterdam,455,5 244,400,.,.,30.3,37.8,66.6,27.8,35.4,5.9,4.4,1095,1,4.9286033,52.3658965
Flevopark,Flevopark,Amsterdam,15,39,0,.,.,.,.,.,.,.,.,.,1095,1,4.948623516458797,52.361704
Eastern Docklands,Eastern Docklands,Amsterdam,18 545,12 011,14 800,46.3,37.5,29.8,38.4,69.7,31.9,30.9,8.9,7.9,.,.,4.9384713,52.3735527
Oostelijke Handelskade,Oostelijke Handelskade,Amsterdam,1 465,6 429,1 200,.,.,21.7,50.0,76.9,24.5,36.4,8.6,7.3,1019,1,4.938347,52.37366
Reedlands,Reedlands,Amsterdam,2 490,9 345,2000,.,.,29.4,40.0,70.3,32.9,31.5,7.3,7.9,1019,1,4.914231749531422,52.37233395
Java Island,Java Island,Amsterdam,3 135,18 534,2500,50.2,41.1,24.1,43.6,70.9,27.3,32.9,5.4,4.6,1019,1,4.923084094010079,52.38003305
KNSM island,KNSM island,Amsterdam,2 395,18 953,2 100,.,.,28.7,35.8,67.6,34.0,26.8,9.3,8.7,1019,1,4.942772357423037,52.3766658
Sporenburg,Sporenburg,Amsterdam,2 640,16 975,1900,.,36.0,29.6,41.4,71.4,22.7,46.0,6.3,5.8,1019,1,4.945052096576184,52.3737235
Borneo,Borneo,Amsterdam,2 870,24 238,2 100,.,34.2,31.4,38.9,71.6,28.4,37.1,9.6,8.2,1019,1,4.9457902,52.3716771
Entrepot-Northwest,Entrepot-Northwest,Amsterdam,1 460,13 424,1 200,.,.,38.9,27.4,63.0,43.0,18.5,12.3,12.4,1019,1,4.938063718324035,52.3702107
Zeeburgereiland Northwest,Zeeburgereiland Northwest,Amsterdam,20,62,0,.,.,.,.,.,.,.,.,.,1095,1,4.965545531374505,52.372608299999996
Zeeburgereiland Southeast,Zeeburgereiland Southeast,Amsterdam,495,2 213,400,.,.,83.1,1.4,27.7,97.8,0.8,.,.,1095,1,4.965545531374505,52.372608299999996
Zeeburgereiland Southwest,Zeeburgereiland Southwest,Amsterdam,260,1 549,200,.,.,82.4,3.4,32.8,93.3,1.3,.,.,1095,1,4.965545531374505,52.372608299999996
Zeeburgereiland Northeast,Zeeburgereiland Northeast,Amsterdam,0,.,0,.,.,.,.,.,.,.,.,.,1095,1,4.965545531374505,52.372608299999996
IJburg West,IJburg West,Amsterdam,14 820,13 204,10 200,45.7,31.8,33.1,37.8,68.6,28.3,35.9,8.7,7.4,.,.,4.9971565,52.3549938
Steigereiland Noord,Steigereiland Noord,Amsterdam,1 435,9 921,1000,.,.,32.2,38.1,69.9,30.6,31.6,9.6,8.5,1086,1,4.98742977402441,52.363868350000004
Sloterdijk,Sloterdijk,Amsterdam,505,421,400,.,.,19.7,46.8,84.1,32.0,29.9,10.9,10.9,.,.,4.8465234,52.3871325
Sloterdijk business park I.,Sloterdijk business park I.,Amsterdam,85,126,0,.,.,.,.,.,.,.,.,.,1014,1,4.845328497151543,52.3796844
Landlust,Landlust,Amsterdam,18 560,18 164,14 800,30.3,24.5,42.8,19.4,62.8,55.6,11.7,16.5,15.0,.,.,4.858760089030568,52.379775300000006
Landlust business park,Landlust business park,Amsterdam,500,4 660,500,.,.,25.8,30.6,80.7,46.5,15.7,6.6,6.6,1055,1,4.858760089030568,52.379775300000006
Wood Lion,Wood Lion,Amsterdam,5 730,16 804,4 400,26.8,21.3,48.7,15.2,57.5,56.4,10.7,17.0,14.3,1055,1,4.8733166641318215,52.3602362
Landlust South,Landlust South,Amsterdam,3 810,19 161,3 100,33.3,27.4,40.0,23.9,65.9,53.6,14.1,14.8,15.0,1056,5,4.858760089030568,52.379775300000006
Gibraltar area,Gibraltar area,Amsterdam,4 235,21 936,3 400,29.0,23.8,43.5,17.6,62.5,60.8,8.3,20.4,18.6,1055,1,4.92074,52.3545756
Landlust North,Landlust North,Amsterdam,2 315,23 613,1 800,.,.,41.7,16.6,63.6,55.0,8.9,16.4,14.3,1055,1,4.858760089030568,52.379775300000006
Erasmus Park,Erasmus Park,Amsterdam,5 845,16 128,4 900,34.5,29.2,33.2,26.2,72.5,45.8,14.9,10.0,9.9,.,.,4.8838404,52.3456358
The Kolenkit,The Kolenkit,Amsterdam,10 075,13 983,7 500,26.5,20.4,48.8,14.8,56.8,60.7,9.9,19.0,16.8,.,.,4.842780933913047,52.377635549999994
Kolenkitbuurt South,Kolenkitbuurt South,Amsterdam,2 135,17 508,1600,.,.,44.7,18.0,58.8,54.4,12.8,15.7,14.1,1061,1,4.8414043,52.3796239
Kolenkitbuurt North,Kolenkitbuurt North,Amsterdam,3 720,12 529,2 600,22.1,15.5,56.9,8.4,47.5,59.8,6.9,26.9,23.3,1061,1,4.8414043,52.3796239
Van Galenbuurt,Van Galenbuurt,Amsterdam,7 135,24 754,4 700,30.2,25.6,42.1,19.3,62.6,59.0,9.3,18.5,18.4,.,.,4.85173677607574,52.3717452
Schinkel business park,Schinkel business park,Amsterdam,265,817,100,.,.,41.8,24.7,66.4,61.9,23.8,.,.,1059,1,4.8535087,52.3546712
Schinkelbuurt,Schinkelbuurt,Amsterdam,3 820,13 187,3 300,42.3,36.9,33.6,32.0,71.0,49.8,18.6,12.5,11.5,.,.,4.8545909852399625,52.35260635
Schinkelbuurt North,Schinkelbuurt North,Amsterdam,2 350,23 525,2000,.,.,29.4,37.2,74.7,43.5,22.2,8.8,8.0,1075,1,4.8545909852399625,52.35260635
Schinkelbuurt South,Schinkelbuurt South,Amsterdam,1 470,7 748,1 300,.,.,40.3,23.6,65.0,59.7,12.9,18.3,17.1,1075,1,4.8545909852399625,52.35260635
Willemspark,Willemspark,Amsterdam,5 500,8 617,3 900,94.8,68.5,26.8,47.9,67.0,27.8,45.1,6.0,5.6,.,.,4.8683772,52.3552537
Willemsparkbuurt North,Willemsparkbuurt North,Amsterdam,1 580,8 391,1 100,.,.,29.1,46.6,66.3,31.7,42.6,6.7,5.8,1075,1,4.862779746680184,52.353339899999995
Vondelpark West,Vondelpark West,Amsterdam,0,.,0,.,.,.,.,.,.,.,.,.,1075,1,4.867116659586616,52.3578866
Museum Quarter,Museum Quarter,Amsterdam,12 625,9 613,9 600,78.7,61.5,26.4,44.8,64.6,32.7,37.4,6.4,6.2,.,.,4.8860287,52.3558504
Museumplein,Museumplein,Amsterdam,5,.,0,.,.,.,.,.,.,.,.,.,1071,1,4.882823079370884,52.35867345
Vondelpark East,Vondelpark East,Amsterdam,0,.,0,.,.,.,.,.,.,.,.,.,1071,1,4.867116659586616,52.3578866
Devil's Island,Devil's Island,Amsterdam,1 385,23 712,1 200,.,.,24.7,43.6,76.2,41.2,24.5,8.0,8.5,1071,1,4.8912863,52.360242
Stadionbuurt,Stadionbuurt,Amsterdam,11 790,12 319,9 800,42.2,35.5,36.4,29.9,64.0,50.9,19.0,12.5,12.6,.,.,4.862065826377204,52.3465311
Apollobuurt,Apollobuurt,Amsterdam,8 640,9 775,6 100,82.7,59.6,25.3,50.5,63.7,28.1,46.4,6.2,5.5,.,.,4.875559011765657,52.348072599999995
IJburg East,IJburg East,Amsterdam,0,.,0,.,.,.,.,.,.,.,.,.,.,.,4.9971565,52.3549938
Center Island,Center Island,Amsterdam,0,.,0,.,.,.,.,.,.,.,.,.,1087,1,4.8936041,52.3727598
IJburg South,IJburg South,Amsterdam,8 095,12 215,5 300,44.9,29.7,32.1,37.5,70.4,29.4,35.0,10.2,8.7,.,.,4.9971565,52.3549938
Rieteiland East,Rieteiland East,Amsterdam,265,2 579,200,.,.,18.6,66.7,83.6,.,.,.,.,1087,1,5.000308329716614,52.34726575
Scheldebuurt,Scheldebuurt,Amsterdam,15 115,15 283,12 200,48.1,39.7,27.5,37.7,71.5,43.3,26.4,7.6,8.1,.,.,4.895360393784809,52.34279265
Scheldebuurt West,Scheldebuurt West,Amsterdam,4 415,17 559,3 600,45.6,37.6,29.3,35.1,70.2,45.0,24.4,8.0,8.7,1078,3,4.895360393784809,52.34279265
Scheldebuurt East,Scheldebuurt East,Amsterdam,2 380,16 939,2000,.,.,28.8,36.7,71.3,42.5,25.4,6.2,7.0,1079,3,4.895360393784809,52.34279265
Kop Zuidas,Kop Zuidas,Amsterdam,565,3 421,500,.,.,8.7,62.3,88.2,15.2,46.0,1.0,1.0,1079,1,4.894257005735467,52.338250849999994
IJselbuurt,IJselbuurt,Amsterdam,5 385,21 012,4 600,34.8,30.1,38.1,24.1,65.4,56.5,14.3,13.3,13.3,.,.,4.904786802960961,52.34818425
IJselbuurt West,IJselbuurt West,Amsterdam,2 420,19 596,2 100,.,.,37.5,24.1,65.3,58.2,12.5,15.0,15.3,1078,1,4.904786802960961,52.34818425
IJselbuurt East,IJselbuurt East,Amsterdam,2 960,22 332,2500,35.0,29.9,38.7,24.1,65.5,55.0,15.9,11.8,11.4,1078,1,4.904786802960961,52.34818425
Rijnbuurt,Rijnbuurt,Amsterdam,9 160,9 494,7 900,37.1,32.3,37.0,26.8,65.0,56.0,15.4,13.6,13.6,.,.,4.909570827621826,52.3434126
Rijnbuurt East,Rijnbuurt East,Amsterdam,2750,14 385,2 400,.,35.0,31.4,32.9,71.0,48.6,19.6,9.5,9.6,1079,1,4.909570827621826,52.3434126
Rijnbuurt West,Rijnbuurt West,Amsterdam,1 685,21 276,1 400,.,.,49.3,15.8,50.0,70.8,7.2,23.3,23.8,1079,1,4.909570827621826,52.3434126
Zorgvlied,Zorgvlied,Amsterdam,45,175,0,.,.,.,.,.,.,.,.,.,1079,1,4.899695034619796,52.3363767
Frankendael,Frankendael,Amsterdam,10 800,6 828,8 300,34.8,29.1,40.2,24.5,60.8,58.4,16.7,12.5,12.0,.,.,4.9349193493891415,52.3481769
Juliana Park,Juliana Park,Amsterdam,775,4 217,700,.,.,19.5,46.2,73.6,29.2,33.2,4.4,5.4,1097,1,4.9198222,52.3458256
Don Bosco,Don Bosco,Amsterdam,2 150,13 684,1700,.,.,31.8,32.3,68.8,40.5,29.0,6.9,5.6,1097,1,4.8056355,52.3579006
Frankendael,Frankendael,Amsterdam,10,49,0,.,.,.,.,.,.,.,.,.,1097,1,4.9349193493891415,52.3481769
Van der Kunbuurt,Van der Kunbuurt,Amsterdam,560,7 685,500,.,.,54.2,9.1,49.0,71.0,6.7,20.0,18.5,1097,1,4.915489534719827,52.346696949999995
Middenmeer,Middenmeer,Amsterdam,15 450,5 453,11 700,43.1,33.9,33.5,34.0,65.5,44.2,27.5,6.1,5.6,.,.,4.940371622892905,52.3509402
Middenmeer North,Middenmeer North,Amsterdam,2 995,16 158,2 300,.,33.3,33.9,34.0,64.8,40.7,31.7,7.0,7.0,1098,1,4.940371622892905,52.3509402
Middenmeer South,Middenmeer South,Amsterdam,5 155,13 021,3 900,43.9,33.5,29.4,34.8,71.7,39.1,28.4,5.2,5.2,1098,1,4.940371622892905,52.3509402
Park de Meer,Park de Meer,Amsterdam,1 645,6 365,1 300,.,.,34.3,34.1,62.2,29.7,35.4,6.8,5.3,1098,1,4.949991432392533,52.3444241
Science Park North,Science Park North,Amsterdam,2 735,6 696,1 800,.,.,47.1,26.9,53.8,68.1,15.2,6.2,3.8,1098,1,4.9568585,52.3536521
Science Park South,Science Park South,Amsterdam,30,49,0,.,.,.,.,.,.,.,.,.,1098,1,4.9568585,52.3536521
Concrete village,Concrete village,Amsterdam,3 250,2 989,2 800,26.9,23.0,47.7,13.0,53.1,65.3,6.1,16.2,18.5,.,.,4.8890027,52.3707653
Concrete village,Concrete village,Amsterdam,3 245,7 406,2 800,26.9,23.0,47.7,12.9,53.1,65.4,6.2,16.3,18.5,1097,1,4.8890027,52.3707653
Drieburg,Drieburg,Amsterdam,0,.,0,.,.,.,.,.,.,.,.,.,1097,1,4.932447351731059,52.3405363
Weespertrekvaart,Weespertrekvaart,Amsterdam,1 410,3 098,900,.,.,69.8,4.5,45.4,92.7,2.1,30.3,20.2,1096,1,4.9903982,52.3265632
Amstelglorie,Amstelglorie,Amsterdam,80,178,100,.,.,.,.,.,.,.,.,.,1096,1,4.909952058666631,52.33357275
Overamstel,Overamstel,Amsterdam,40,36,0,.,.,.,.,.,.,.,.,.,1096,1,4.9176266,52.3317318
Amstelkwartier North,Amstelkwartier North,Amsterdam,1 745,6 197,1 500,.,.,34.1,33.9,72.3,56.4,18.0,8.5,6.2,1096,1,4.916485995574404,52.33722745
The Omval,The Omval,Amsterdam,725,6 329,600,.,.,19.2,55.8,75.6,20.3,43.2,5.6,4.1,1096,1,4.9151652,52.3446346
Amstelkwartier South,Amstelkwartier South,Amsterdam,30,132,0,.,.,.,.,.,.,.,.,.,1096,1,4.916485995574404,52.33722745
Amstelkwartier West,Amstelkwartier West,Amsterdam,560,2 657,500,.,.,69.6,4.3,41.4,95.1,1.0,12.8,8.2,1096,1,4.916485995574404,52.33722745
Beatrixpark,Beatrixpark,Amsterdam,0,.,0,.,.,.,.,.,.,.,.,.,1077,1,4.881835495726307,52.34268865
Volewijck,Volewijck,Amsterdam,9 755,8 166,7 700,23.9,19.0,53.2,9.8,54.0,66.6,6.5,21.6,20.4,.,.,4.911522906604832,52.389361550000004
IJplein / Vogelbuurt,IJplein / Vogelbuurt,Amsterdam,8 250,6 962,6 600,25.7,20.7,49.6,12.0,55.9,61.1,8.7,20.4,19.4,.,.,4.915028,52.3859949
Vogelbuurt South,Vogelbuurt South,Amsterdam,4 315,13 463,3 400,25.0,19.8,51.5,11.3,55.0,61.6,9.3,21.0,20.0,1021,1,4.919367030509642,52.38684965
Vogelbuurt North,Vogelbuurt North,Amsterdam,1 270,4 418,1000,.,.,48.4,11.6,58.5,57.5,7.9,18.9,17.3,1022,1,4.919367030509642,52.38684965
Fly Forest,Fly Forest,Amsterdam,170,460,100,.,.,33.1,38.8,68.5,.,.,.,.,1022,1,4.8050388,52.3581214
Blue Sand,Blue Sand,Amsterdam,1 910,11 330,1 500,.,.,48.5,10.7,54.5,58.5,9.8,13.8,13.0,1025,1,4.860164780458593,52.3413328
Buiksloterdijk West,Buiksloterdijk West,Amsterdam,145,6 467,100,.,.,25.9,44.4,56.8,.,.,.,.,1034,1,4.923238942054587,52.3981979
Buiksloterdijk East,Buiksloterdijk East,Amsterdam,125,4 939,100,.,.,25.4,36.0,.,.,.,.,.,1025,1,4.923238942054587,52.3981979
Nieuwendammerdijk East,Nieuwendammerdijk East,Amsterdam,360,5 227,300,.,.,29.3,42.5,69.7,15.9,52.3,3.0,3.8,1023,1,4.9382969,52.3911634
Nieuwendammerdijk South,Nieuwendammerdijk South,Amsterdam,5,.,0,.,.,.,.,.,.,.,.,.,1023,1,4.9382969,52.3911634
Terrace village,Terrace village,Amsterdam,3 980,6 105,3 200,26.5,22.2,46.3,11.5,56.5,60.2,9.2,16.1,15.5,1033,1,4.896586,52.371516
The Bongerd,The Bongerd,Amsterdam,2 145,8 257,1 400,.,.,31.5,28.5,71.8,25.8,38.7,7.9,4.7,1036,1,4.909527742341973,52.4167301
Oostzanerwerf,Oostzanerwerf,Amsterdam,8 885,3 507,7 000,29.5,23.6,40.5,17.7,60.5,43.5,17.8,10.4,9.1,.,.,4.889508136867875,52.419486750000004
Oostzanerdijk,Oostzanerdijk,Amsterdam,400,902,300,.,.,35.2,26.5,68.8,34.5,32.2,6.7,10.3,1035,4,4.8799857,52.4199368
Twiske West,Twiske West,Amsterdam,2 430,6 668,2000,.,.,35.2,25.5,64.5,25.9,33.5,5.4,4.6,1035,1,4.8987359,52.4236845
Noorder IJplas,Noorder IJplas,Amsterdam,145,188,100,.,.,34.2,23.1,59.3,.,.,.,.,1037,1,4.863787230797069,52.424421249999995
Molenwijk,Molenwijk,Amsterdam,3 125,10 305,2 400,.,17.2,52.0,7.3,48.7,63.8,4.8,17.4,14.8,1035,1,4.8926973,52.4163782
Twiske East,Twiske East,Amsterdam,1 115,6 090,900,.,.,38.2,16.8,62.4,35.1,24.5,7.5,6.2,1035,1,4.8987359,52.4236845
Waterlandpleinbuurt,Waterlandpleinbuurt,Amsterdam,13 175,9 247,9 600,26.3,19.4,47.2,13.0,56.3,51.9,10.2,15.5,13.9,.,.,4.953580003162736,52.39429355
Baanakkerspark Noord,Baanakkerspark Noord,Amsterdam,580,5 125,500,.,.,34.6,17.0,60.3,42.2,6.3,4.9,5.2,1024,1,4.946253250169235,52.397375
Baanakkerspark South,Baanakkerspark South,Amsterdam,455,3 186,400,.,.,30.6,25.2,58.5,35.5,16.2,7.3,7.7,1024,1,4.946253250169235,52.397375
Markengouw South,Markengouw South,Amsterdam,2 055,9 576,1 400,.,.,51.1,9.9,53.9,54.0,9.0,22.0,19.0,1024,1,4.9577849,52.396637
Werengouw South,Werengouw South,Amsterdam,1 635,8 842,1 200,.,.,49.7,17.0,51.9,45.4,19.4,15.5,14.0,1024,1,4.9556202,52.3901284
Loenermark,Loenermark,Amsterdam,1 515,9 509,1 200,.,.,39.2,14.7,59.8,59.9,6.6,9.4,11.2,1025,1,4.9329355,52.3995492
Buikslotermeerplein,Buikslotermeerplein,Amsterdam,995,4 405,800,.,.,44.0,15.9,63.2,64.2,7.3,11.5,13.0,1025,1,4.9323589,52.4019931
The Small World,The Small World,Amsterdam,2 815,12 469,2000,.,15.5,57.5,6.3,42.5,61.3,4.3,20.6,17.8,1025,1,4.8870498,52.382283
Buikslotermeer North,Buikslotermeer North,Amsterdam,2 485,5 336,2000,.,.,47.0,15.1,52.0,62.0,8.3,9.3,9.3,1025,1,4.943135135532968,52.39943875
Banne Buiksloot,Banne Buiksloot,Amsterdam,14 300,8 635,10 700,26.2,20.1,48.2,13.1,54.0,54.7,11.6,15.4,14.4,.,.,4.918843082544989,52.40850545
Banne Southwest,Banne Southwest,Amsterdam,3 705,11 021,2 600,25.0,18.4,50.8,12.2,53.4,55.7,9.8,15.9,15.1,1034,1,4.918843082544989,52.40850545
Banne Southeast,Banne Southeast,Amsterdam,3 600,7 183,2 800,29.9,23.9,41.2,18.4,59.3,54.8,14.1,15.0,14.7,1034,1,4.918843082544989,52.40850545
Banne Northwest,Banne Northwest,Amsterdam,2 640,8 656,2000,.,17.5,53.1,7.5,52.1,60.7,6.6,17.3,16.9,1034,1,4.918843082544989,52.40850545
Banne Northeast,Banne Northeast,Amsterdam,3 650,9 059,2 800,23.8,18.3,52.3,9.9,48.9,52.9,10.6,15.3,13.0,1034,1,4.918843082544989,52.40850545
Cornelis Douwesterrein,Cornelis Douwesterrein,Amsterdam,0,.,0,.,.,.,.,.,.,.,.,.,1033,1,4.884394959796845,52.40767075
Overhoeks,Overhoeks,Amsterdam,1 360,4 638,1 100,.,.,17.5,52.7,75.0,18.1,47.3,4.4,3.6,1031,1,4.902976120440213,52.38688415
Business park Nieuwendammerdijk,Business park Nieuwendammerdijk,Amsterdam,20,240,0,.,.,.,.,.,.,.,.,.,1023,1,4.9382969,52.3911634
Waterland,Waterland,Amsterdam,2 275,92,1 800,.,.,34.7,33.4,65.8,22.3,42.0,4.8,5.7,.,.,4.955182107446065,52.3926891
Schellingwoude West,Schellingwoude West,Amsterdam,65,459,100,.,.,.,.,.,.,.,.,.,1023,1,4.9643217,52.3837449
Schellingwoude East,Schellingwoude East,Amsterdam,475,722,400,.,.,31.5,42.0,72.4,15.6,52.0,0.0,1.1,1023,1,4.9643217,52.3837449
Schellingwoude North,Schellingwoude North,Amsterdam,5,.,0,.,.,.,.,.,.,.,.,.,1026,2,4.9643217,52.3837449
Durgerdam,Durgerdam,Amsterdam,425,166,300,.,.,35.4,33.8,65.2,17.6,45.5,2.5,3.7,1026,1,4.9904908,52.3779446
Ransdorp,Ransdorp,Amsterdam,305,174,200,.,.,34.3,33.9,61.8,17.6,43.2,4.0,5.6,1028,1,4.9946364,52.3937331
Holysloot,Holysloot,Amsterdam,270,34,200,.,.,37.3,31.8,66.7,20.0,45.5,8.2,9.1,1028,1,5.0257663,52.4136947
Zunderdorp,Zunderdorp,Amsterdam,670,79,500,.,.,34.7,28.9,64.7,26.8,35.4,6.9,8.0,1027,4,4.965291,52.4071461
Elzenhagen,Elzenhagen,Amsterdam,2 735,3 350,1900,.,29.7,28.4,34.4,73.9,27.5,38.8,9.0,7.4,.,.,4.933426076691811,52.4061503
Elzenhagen South,Elzenhagen South,Amsterdam,255,857,200,.,.,36.1,24.7,62.8,53.7,15.4,30.6,21.7,1022,1,4.933426076691811,52.4061503
Elzenhagen North,Elzenhagen North,Amsterdam,2 365,4 957,1600,.,.,27.6,35.6,76.0,23.6,42.5,5.3,5.1,1022,5,4.933426076691811,52.4061503
Slotermeer-Northeast,Slotermeer-Northeast,Amsterdam,9 295,9 651,6 800,24.6,18.2,51.2,10.2,54.2,60.6,8.1,21.7,18.5,.,.,4.821952,52.3779612
Slotermeer-Southwest,Slotermeer-Southwest,Amsterdam,17 965,7 992,13 400,24.8,18.8,50.9,11.2,53.2,59.9,8.4,19.3,17.8,.,.,4.821952,52.3779612
Slotermeer South,Slotermeer South,Amsterdam,3 405,8 417,2700,23.4,18.5,52.8,7.7,51.4,72.8,3.7,23.7,22.5,1064,1,4.821952,52.3779612
Sloterpark,Sloterpark,Amsterdam,0,.,0,.,.,.,.,.,.,.,.,.,1064,3,4.812092273746229,52.364942549999995
Geuzenveld,Geuzenveld,Amsterdam,15 700,11 892,11 200,25.2,18.4,49.4,11.7,55.8,54.4,11.0,17.4,15.4,.,.,4.8016275,52.3783939
Eendrachtspark,Eendrachtspark,Amsterdam,300,2 475,200,.,.,45.3,14.8,59.5,60.6,9.4,30.9,27.0,1067,1,4.810091376835821,52.3813413
Concord,Concord,Amsterdam,2 440,1 118,1900,.,.,37.8,17.9,60.7,36.4,20.5,7.6,6.3,.,.,4.914231749531422,52.37233395
Lutkemeer business park,Lutkemeer business park,Amsterdam,60,29,100,.,.,.,.,.,.,.,.,.,1060,5,4.7606589,52.3551144
Osdorp-East,Osdorp-East,Amsterdam,16 300,10 344,12 800,27.4,21.9,46.6,14.4,54.1,58.7,9.8,15.0,14.7,.,.,4.799164,52.3566186
Wildeman,Wildeman,Amsterdam,5 005,15 869,3 900,21.1,16.3,56.7,5.2,45.9,72.2,3.7,21.8,21.2,1068,1,4.7965336,52.3633623
Osdorp Southeast,Osdorp Southeast,Amsterdam,3 940,8 090,3 200,27.8,23.3,46.4,15.0,55.1,60.0,10.4,11.6,11.0,1068,1,4.799164,52.3566186
Osdorp Central North,Osdorp Central North,Amsterdam,3 190,15 139,2 200,.,15.5,57.2,5.9,47.3,66.1,7.3,23.6,20.8,1069,1,4.799164,52.3566186
The point,The point,Amsterdam,6 070,10 150,4 500,25.7,19.9,46.2,11.8,57.2,55.3,9.6,16.1,15.8,.,.,4.8936041,52.3727598
The point,The point,Amsterdam,5 955,12 408,4 300,26.0,20.1,44.9,12.1,58.6,53.5,9.9,13.3,13.1,1069,1,4.8936041,52.3727598
Osdorp Business Center,Osdorp Business Center,Amsterdam,110,966,100,.,.,97.2,0.0,4.5,100.0,0.0,.,.,1069,1,4.799164,52.3566186
The Aker West,The Aker West,Amsterdam,4 580,8 837,3 600,36.4,29.2,36.0,26.7,63.5,30.1,32.5,5.9,6.5,1060,1,4.7831828,52.3506321
The Aker East,The Aker East,Amsterdam,6 050,9 249,4 600,37.2,28.7,38.6,27.9,62.5,27.6,35.8,5.8,4.8,1060,1,4.7831828,52.3506321
Slotervaart North,Slotervaart North,Amsterdam,7 995,7 203,5 900,29.8,22.7,43.7,18.0,57.6,52.4,15.8,14.7,13.6,.,.,4.827466,52.3612861
Overtoomse Veld,Overtoomse Veld,Amsterdam,13 355,9 184,9 900,29.1,23.1,43.5,17.7,62.0,54.5,11.9,12.3,11.5,.,.,4.8379711,52.3641934
Overtoomse Veld Noord,Overtoomse Veld Noord,Amsterdam,5 940,17 666,4 400,26.6,19.9,51.2,15.6,54.1,48.3,14.6,16.5,15.5,1061,1,4.8379711,52.3641934
Overtoomse Veld South,Overtoomse Veld South,Amsterdam,3 970,13 240,3 200,30.6,25.1,34.5,16.5,70.5,57.6,9.4,8.9,8.4,1062,1,4.8379711,52.3641934
Rembrandtpark North,Rembrandtpark North,Amsterdam,955,3 430,800,.,.,41.2,23.2,62.1,65.8,8.9,8.0,6.4,1057,1,4.8462194379120875,52.3628004
Rembrandt Park South,Rembrandt Park South,Amsterdam,830,3 050,700,.,.,25.2,36.8,81.1,44.2,20.4,4.3,3.2,1058,1,4.8965948,52.3660041
Westlandgracht,Westlandgracht,Amsterdam,10 045,7 111,7 800,35.6,29.7,40.4,26.2,64.9,58.7,14.2,14.7,12.3,.,.,4.8455222,52.3518996
Koningin Wilhelminaplein,Koningin Wilhelminaplein,Amsterdam,2 285,9 319,1900,.,.,19.4,47.9,80.5,30.4,26.2,3.5,2.9,1062,1,4.8407076,52.3561377
Riekerhaven,Riekerhaven,Amsterdam,565,1 366,600,.,.,79.3,0.4,34.9,97.9,0.0,55.1,37.2,1062,1,4.844717443870614,52.34259945
Riekerpolder,Riekerpolder,Amsterdam,70,119,0,.,.,.,.,.,.,.,.,.,1066,1,4.824911637387161,52.3408812
Park Haagseweg,Park Haagseweg,Amsterdam,935,8 251,800,.,.,24.5,40.5,64.9,16.2,41.7,2.7,2.0,1066,1,4.8249931,52.3437922
New More,New More,Amsterdam,165,127,100,.,.,60.3,13.5,66.9,.,.,.,.,1066,1,4.9586137,52.2944803
New Sloten Southwest,New Sloten Southwest,Amsterdam,2 365,10 971,1900,.,.,29.9,33.7,65.6,15.3,45.1,2.1,1.4,1066,1,4.7977487,52.3417672
Slotervaart South,Slotervaart South,Amsterdam,10 550,8 444,7 900,26.6,21.0,49.0,13.7,54.1,62.8,9.1,15.5,13.8,.,.,4.827466,52.3612861
Slotervaart Medical Center,Slotervaart Medical Center,Amsterdam,845,2 910,700,.,.,74.4,2.0,39.5,92.5,0.5,36.7,22.9,1066,1,4.8329688,52.3580128
Buitenveldert-West,Buitenveldert-West,Amsterdam,13 365,4 695,10 700,43.8,36.1,32.8,30.2,63.9,46.8,20.1,8.0,8.7,.,.,4.8735234,52.3286468
Buitenveldert Southwest,Buitenveldert Southwest,Amsterdam,4 020,5 759,3 200,44.7,36.4,33.7,31.1,61.8,51.6,21.4,8.7,10.1,1081,1,4.8735234,52.3286468
Amsterdam forest,Amsterdam forest,Amsterdam,70,96,100,.,.,.,.,.,.,.,.,.,1081,1,4.8936041,52.3727598
Zuiderhof,Zuiderhof,Amsterdam,10,58,0,.,.,.,.,.,.,.,.,.,1081,1,4.854869054160195,52.335545800000006
Buitenveldert-East,Buitenveldert-East,Amsterdam,7 865,5 133,6000,41.0,33.8,33.1,29.0,60.3,48.5,17.2,8.5,8.8,.,.,4.8735234,52.3286468
Buitenveldert Southeast,Buitenveldert Southeast,Amsterdam,3 865,6 351,2 800,43.6,35.1,31.5,31.1,63.4,47.9,19.3,7.1,6.3,1083,2,4.8735234,52.3286468
Amstelpark,Amstelpark,Amsterdam,10,24,0,.,.,.,.,.,.,.,.,.,1083,1,4.89368142066945,52.32817215
AMC,AMC,Amsterdam,35,50,0,.,.,.,.,.,.,.,.,.,1105,1,4.956576595884709,52.2924635
Hoge Dijk,Hoge Dijk,Amsterdam,100,69,0,.,.,.,.,.,.,.,.,.,1105,1,4.9621261,52.2865859
Venserpolder West,Venserpolder West,Amsterdam,5 220,10 478,4 100,24.4,19.9,50.0,8.9,58.2,67.5,3.4,21.8,21.6,1102,1,4.9463398,52.3267669
Venserpolder East,Venserpolder East,Amsterdam,3 425,10 645,2 800,25.2,20.6,46.1,9.0,62.4,64.5,5.1,19.4,18.7,1102,1,4.9463398,52.3267669
Amsterdamse Poort,Amsterdamse Poort,Amsterdam,1 550,3 641,1000,.,.,62.6,3.8,43.4,84.0,1.2,38.8,38.3,1102,1,4.952962551694052,52.31412885
Hoptille,Hoptille,Amsterdam,1 625,7 998,1 200,.,.,59.8,4.2,49.8,77.9,2.4,26.8,20.7,1102,1,4.9533511,52.3098787
Huntum,Huntum,Amsterdam,205,1 851,200,.,.,31.4,27.8,54.6,.,.,.,.,1102,1,4.9616876,52.3079474
Bird meadow,Bird meadow,Amsterdam,750,10 874,600,.,.,44.7,15.5,60.7,44.0,23.1,8.5,12.8,1102,1,4.9005138,52.3745826
"Bijlmer East (E, G, K)","Bijlmer East (E, G, K)",Amsterdam,28 825,7 785,22 600,25.7,20.6,48.0,11.7,57.1,60.6,9.3,18.1,19.0,.,.,4.9649907,52.3170328
Bijlmermuseum North,Bijlmermuseum North,Amsterdam,2 285,16 158,1 800,.,.,62.2,3.9,43.7,75.9,2.5,25.4,30.6,1103,1,4.9773503,52.3215243
Kortvoort,Kortvoort,Amsterdam,2 620,12 431,2 100,.,17.8,55.9,5.1,50.4,74.9,2.2,22.8,26.5,1104,1,4.9702309,52.3157463
Kelbergen,Kelbergen,Amsterdam,1000,4 907,800,.,.,48.8,8.7,54.9,53.5,11.0,13.6,13.4,1104,1,4.9733366,52.3121956
Kantershof,Kantershof,Amsterdam,2 205,4 462,1 800,.,.,46.2,11.6,53.7,59.1,9.4,16.9,22.3,1104,1,4.988351,52.3191229
Bijlmermuseum South,Bijlmermuseum South,Amsterdam,3 115,12 957,2 400,.,17.5,54.6,6.4,56.7,68.9,3.9,20.6,19.9,1104,1,4.9773503,52.3215243
Nellestein,Nellestein,Amsterdam,2 935,1 342,2 400,.,28.6,28.6,22.0,64.7,44.9,9.9,7.2,7.2,.,.,4.9818248,52.3088994
Gaasperpark,Gaasperpark,Amsterdam,25,35,0,.,.,.,.,.,.,.,.,.,1108,1,4.993530986802027,52.310161050000005
Gaasperplas,Gaasperplas,Amsterdam,35,49,0,.,.,.,.,.,.,.,.,.,1108,1,4.9843223,52.3113175
Holendrecht West,Holendrecht West,Amsterdam,2 915,8 330,2 200,.,14.6,63.1,3.4,40.1,72.9,2.2,24.5,30.1,1106,1,4.9601712,52.2979886
Reigersbos North,Reigersbos North,Amsterdam,4 365,11 825,3 300,21.6,16.6,55.4,5.3,52.2,62.8,5.7,20.0,20.2,1106,1,4.9744218,52.2956478
Holendrecht East,Holendrecht East,Amsterdam,2 480,3 960,2 100,.,.,37.3,17.5,54.3,33.3,18.6,5.6,6.3,1106,1,4.9601712,52.2979886
Gaasperdam North,Gaasperdam North,Amsterdam,2 025,8 498,1600,.,.,42.8,13.0,60.9,56.7,8.7,17.2,14.6,1106,1,4.971679942600409,52.30621725
Gaasperdam South,Gaasperdam South,Amsterdam,1 450,7 903,1 200,.,.,44.4,10.4,58.2,64.2,4.9,13.7,14.2,1107,1,4.971679942600409,52.30621725
Reigersbos South,Reigersbos South,Amsterdam,2 545,4 380,2 100,.,.,39.4,16.6,59.0,45.0,14.8,12.2,10.6,1107,1,4.9744218,52.2956478
Gein,Gein,Amsterdam,11 385,6 210,9 100,28.5,23.1,40.8,14.8,59.3,47.0,13.5,13.6,12.7,.,.,4.9880906,52.2972377
Gein Northwest,Gein Northwest,Amsterdam,2 930,9 605,2 300,.,19.3,49.2,8.2,55.7,65.0,4.5,20.7,20.1,1106,1,4.9880906,52.2972377
Gein Southwest,Gein Southwest,Amsterdam,1 690,9 686,1 300,.,.,48.6,9.3,56.2,60.5,6.2,20.5,17.8,1107,1,4.9880906,52.2972377
Gein Northeast,Gein Northeast,Amsterdam,3 365,5 291,2 800,34.1,28.3,30.3,23.6,64.0,21.3,30.8,2.7,2.4,1106,1,4.9880906,52.2972377
Gein Southeast,Gein Southeast,Amsterdam,3 395,4 733,2 800,28.2,23.2,40.7,13.9,58.8,44.6,11.0,12.7,12.0,1107,1,4.9880906,52.2972377
Village Driemond,Village Driemond,Amsterdam,1 435,4 941,1 200,.,.,36.9,22.8,65.2,33.7,25.9,4.5,5.0,1109,1,5.0165495,52.3054047
